,SNP,chr,cM
Chr1A_1230250,Chr1A_1230250,Chr1A,7.9
Chr1A_1323261,Chr1A_1323261,Chr1A,8.6
Chr1A_1474278,Chr1A_1474278,Chr1A,9.6
Chr1A_2130550,Chr1A_2130550,Chr1A,13.5
Chr1A_4441477,Chr1A_4441477,Chr1A,23.6
Chr1A_4465806,Chr1A_4465806,Chr1A,23.7
Chr1A_4644649,Chr1A_4644649,Chr1A,24.3
Chr1A_5946493,Chr1A_5946493,Chr1A,27.8
Chr1A_6039912,Chr1A_6039912,Chr1A,28
Chr1A_7039218,Chr1A_7039218,Chr1A,29.9
Chr1A_18231330,Chr1A_18231330,Chr1A,35.5
Chr1A_40032087,Chr1A_40032087,Chr1A,36.9
Chr1A_61805031,Chr1A_61805031,Chr1A,40.3
Chr1A_63327427,Chr1A_63327427,Chr1A,40.7
Chr1A_66729582,Chr1A_66729582,Chr1A,41.5
Chr1A_71683777,Chr1A_71683777,Chr1A,42.5
Chr1A_86724088,Chr1A_86724088,Chr1A,48.8
Chr1A_86956693,Chr1A_86956693,Chr1A,49.1
Chr1A_87786195,Chr1A_87786195,Chr1A,50.1
Chr1A_91814091,Chr1A_91814091,Chr1A,57.2
Chr1A_92668408,Chr1A_92668408,Chr1A,59.2
Chr1A_93825609,Chr1A_93825609,Chr1A,62.3
Chr1A_93924413,Chr1A_93924413,Chr1A,62.5
Chr1A_94774077,Chr1A_94774077,Chr1A,65.1
Chr1A_94943553,Chr1A_94943553,Chr1A,65.6
Chr1A_95458411,Chr1A_95458411,Chr1A,67.3
Chr1A_97030972,Chr1A_97030972,Chr1A,72.9
Chr1A_97798012,Chr1A_97798012,Chr1A,76
Chr1A_99253197,Chr1A_99253197,Chr1A,82.3
Chr1A_99875428,Chr1A_99875428,Chr1A,85.3
Chr1A_101638094,Chr1A_101638094,Chr1A,94.4
Chr1A_101778337,Chr1A_101778337,Chr1A,95.2
Chr1A_102821674,Chr1A_102821674,Chr1A,101.2
Chr1A_105000283,Chr1A_105000283,Chr1A,115
Chr1A_105024797,Chr1A_105024797,Chr1A,115.1
Chr1A_105055533,Chr1A_105055533,Chr1A,115.3
Chr1A_105868378,Chr1A_105868378,Chr1A,120.9
Chr1A_106180419,Chr1A_106180419,Chr1A,123.1
Chr1A_106290685,Chr1A_106290685,Chr1A,123.9
Chr1A_106477208,Chr1A_106477208,Chr1A,125.2
Chr1A_106513457,Chr1A_106513457,Chr1A,125.5
Chr1A_106598705,Chr1A_106598705,Chr1A,126.1
Chr1A_106640248,Chr1A_106640248,Chr1A,126.4
Chr1B_737775,Chr1B_737775,Chr1B,0.5
Chr1B_1557498,Chr1B_1557498,Chr1B,5.2
Chr1B_2325023,Chr1B_2325023,Chr1B,9.1
Chr1B_4533178,Chr1B_4533178,Chr1B,17.8
Chr1B_4834889,Chr1B_4834889,Chr1B,18.7
Chr1B_7633911,Chr1B_7633911,Chr1B,25.6
Chr1B_7633913,Chr1B_7633913,Chr1B,25.6
Chr1B_8483715,Chr1B_8483715,Chr1B,27.1
Chr1B_11881203,Chr1B_11881203,Chr1B,31.2
Chr1B_15594452,Chr1B_15594452,Chr1B,33.5
Chr1B_17091706,Chr1B_17091706,Chr1B,34
Chr1B_28256043,Chr1B_28256043,Chr1B,35.5
Chr1B_32052935,Chr1B_32052935,Chr1B,35.6
Chr1B_32334235,Chr1B_32334235,Chr1B,35.6
Chr1B_33320943,Chr1B_33320943,Chr1B,35.6
Chr1B_61902224,Chr1B_61902224,Chr1B,37
Chr1B_62537014,Chr1B_62537014,Chr1B,37.1
Chr1B_62537017,Chr1B_62537017,Chr1B,37.1
Chr1B_82706946,Chr1B_82706946,Chr1B,42.3
Chr1B_87839909,Chr1B_87839909,Chr1B,45.2
Chr1B_88734169,Chr1B_88734169,Chr1B,45.8
Chr1B_92492646,Chr1B_92492646,Chr1B,48.8
Chr1B_94341311,Chr1B_94341311,Chr1B,50.5
Chr1B_96448839,Chr1B_96448839,Chr1B,52.6
Chr1B_99900811,Chr1B_99900811,Chr1B,56.5
Chr1B_101636025,Chr1B_101636025,Chr1B,58.7
Chr1B_101862279,Chr1B_101862279,Chr1B,59
Chr1B_108888043,Chr1B_108888043,Chr1B,69.4
Chr1B_111727416,Chr1B_111727416,Chr1B,74.6
Chr1B_113666313,Chr1B_113666313,Chr1B,78.7
Chr1B_113823481,Chr1B_113823481,Chr1B,79.1
Chr1B_113859844,Chr1B_113859844,Chr1B,79.2
Chr1B_113881504,Chr1B_113881504,Chr1B,79.2
Chr1B_116272674,Chr1B_116272674,Chr1B,85.4
Chr1B_116660189,Chr1B_116660189,Chr1B,86.6
Chr1B_116866324,Chr1B_116866324,Chr1B,87.2
Chr1B_117486989,Chr1B_117486989,Chr1B,89.2
Chr1B_117837278,Chr1B_117837278,Chr1B,90.4
Chr1B_117842463,Chr1B_117842463,Chr1B,90.4
Chr1B_118415631,Chr1B_118415631,Chr1B,92.4
Chr1B_120051549,Chr1B_120051549,Chr1B,99
Chr1B_120730433,Chr1B_120730433,Chr1B,102.2
Chr1B_120730435,Chr1B_120730435,Chr1B,102.2
Chr1B_123051392,Chr1B_123051392,Chr1B,115.5
Chr1B_123969827,Chr1B_123969827,Chr1B,122
Chr1B_124209103,Chr1B_124209103,Chr1B,123.8
Chr1B_124275314,Chr1B_124275314,Chr1B,124.3
Chr1D_71385,Chr1D_71385,Chr1D,0
Chr1D_2243064,Chr1D_2243064,Chr1D,9.5
Chr1D_3317539,Chr1D_3317539,Chr1D,14.9
Chr1D_5535762,Chr1D_5535762,Chr1D,23.7
Chr1D_7841333,Chr1D_7841333,Chr1D,30.5
Chr1D_8176683,Chr1D_8176683,Chr1D,31.3
Chr1D_9849944,Chr1D_9849944,Chr1D,34.7
Chr1D_13504712,Chr1D_13504712,Chr1D,39.5
Chr1D_15804582,Chr1D_15804582,Chr1D,41.2
Chr1D_34483421,Chr1D_34483421,Chr1D,43.3
Chr1D_34883750,Chr1D_34883750,Chr1D,43.3
Chr1D_35223010,Chr1D_35223010,Chr1D,43.3
Chr1D_36379765,Chr1D_36379765,Chr1D,43.3
Chr1D_36635814,Chr1D_36635814,Chr1D,43.3
Chr1D_74209887,Chr1D_74209887,Chr1D,65.3
Chr1D_75164760,Chr1D_75164760,Chr1D,67.7
Chr1D_75685423,Chr1D_75685423,Chr1D,69.1
Chr1D_75701107,Chr1D_75701107,Chr1D,69.2
Chr1D_75855325,Chr1D_75855325,Chr1D,69.6
Chr1D_76362640,Chr1D_76362640,Chr1D,71.1
Chr1D_77043278,Chr1D_77043278,Chr1D,73.1
Chr1D_77679614,Chr1D_77679614,Chr1D,75.1
Chr1D_78647517,Chr1D_78647517,Chr1D,78.3
Chr1D_85117643,Chr1D_85117643,Chr1D,106.6
Chr1D_85418157,Chr1D_85418157,Chr1D,108.2
Chr1D_88157852,Chr1D_88157852,Chr1D,125
Chr1D_88825679,Chr1D_88825679,Chr1D,129.7
Chr1D_89775449,Chr1D_89775449,Chr1D,136.7
Chr2A_298690,Chr2A_298690,Chr2A,0
Chr2A_340946,Chr2A_340946,Chr2A,0
Chr2A_786288,Chr2A_786288,Chr2A,0
Chr2A_2709116,Chr2A_2709116,Chr2A,7
Chr2A_3001643,Chr2A_3001643,Chr2A,8.5
Chr2A_3738467,Chr2A_3738467,Chr2A,12.2
Chr2A_3791897,Chr2A_3791897,Chr2A,12.5
Chr2A_5514548,Chr2A_5514548,Chr2A,20.2
Chr2A_5795881,Chr2A_5795881,Chr2A,21.4
Chr2A_5989459,Chr2A_5989459,Chr2A,22.2
Chr2A_6569941,Chr2A_6569941,Chr2A,24.5
Chr2A_7726423,Chr2A_7726423,Chr2A,28.7
Chr2A_8033338,Chr2A_8033338,Chr2A,29.8
Chr2A_8131045,Chr2A_8131045,Chr2A,30.1
Chr2A_10930840,Chr2A_10930840,Chr2A,38.4
Chr2A_11295800,Chr2A_11295800,Chr2A,39.3
Chr2A_11295801,Chr2A_11295801,Chr2A,39.3
Chr2A_12769957,Chr2A_12769957,Chr2A,42.8
Chr2A_14698062,Chr2A_14698062,Chr2A,46.6
Chr2A_14847335,Chr2A_14847335,Chr2A,46.8
Chr2A_16288238,Chr2A_16288238,Chr2A,49.2
Chr2A_17120696,Chr2A_17120696,Chr2A,50.4
Chr2A_21493903,Chr2A_21493903,Chr2A,55.1
Chr2A_36310819,Chr2A_36310819,Chr2A,59.6
Chr2A_36992596,Chr2A_36992596,Chr2A,59.6
Chr2A_37014851,Chr2A_37014851,Chr2A,59.6
Chr2A_38046128,Chr2A_38046128,Chr2A,59.6
Chr2A_50059435,Chr2A_50059435,Chr2A,59.7
Chr2A_68799381,Chr2A_68799381,Chr2A,61
Chr2A_88883794,Chr2A_88883794,Chr2A,61.5
Chr2A_93423408,Chr2A_93423408,Chr2A,61.5
Chr2A_93836263,Chr2A_93836263,Chr2A,61.6
Chr2A_95604072,Chr2A_95604072,Chr2A,61.6
Chr2A_98630761,Chr2A_98630761,Chr2A,61.9
Chr2A_98755857,Chr2A_98755857,Chr2A,61.9
Chr2A_100199838,Chr2A_100199838,Chr2A,62.1
Chr2A_109761661,Chr2A_109761661,Chr2A,65
Chr2A_114303219,Chr2A_114303219,Chr2A,67.8
Chr2A_121390463,Chr2A_121390463,Chr2A,74.5
Chr2A_122957585,Chr2A_122957585,Chr2A,76.5
Chr2A_123089854,Chr2A_123089854,Chr2A,76.7
Chr2A_123272948,Chr2A_123272948,Chr2A,76.9
Chr2A_127256734,Chr2A_127256734,Chr2A,82.8
Chr2A_127883345,Chr2A_127883345,Chr2A,83.8
Chr2A_128243903,Chr2A_128243903,Chr2A,84.5
Chr2A_130039403,Chr2A_130039403,Chr2A,87.7
Chr2A_130165012,Chr2A_130165012,Chr2A,87.9
Chr2A_130398439,Chr2A_130398439,Chr2A,88.3
Chr2A_130706165,Chr2A_130706165,Chr2A,88.9
Chr2A_130706353,Chr2A_130706353,Chr2A,88.9
Chr2A_131465882,Chr2A_131465882,Chr2A,90.4
Chr2A_133605668,Chr2A_133605668,Chr2A,94.8
Chr2A_136016154,Chr2A_136016154,Chr2A,100.2
Chr2A_136476681,Chr2A_136476681,Chr2A,101.3
Chr2A_136728657,Chr2A_136728657,Chr2A,101.9
Chr2A_136920345,Chr2A_136920345,Chr2A,102.4
Chr2A_137600735,Chr2A_137600735,Chr2A,104
Chr2A_137627156,Chr2A_137627156,Chr2A,104.1
Chr2A_137869197,Chr2A_137869197,Chr2A,104.7
Chr2A_137990951,Chr2A_137990951,Chr2A,105
Chr2A_138027098,Chr2A_138027098,Chr2A,105.1
Chr2A_138027100,Chr2A_138027100,Chr2A,105.1
Chr2A_140016839,Chr2A_140016839,Chr2A,110.2
Chr2A_140177071,Chr2A_140177071,Chr2A,110.7
Chr2A_140924718,Chr2A_140924718,Chr2A,112.7
Chr2B_85474,Chr2B_85474,Chr2B,0
Chr2B_1138999,Chr2B_1138999,Chr2B,1.9
Chr2B_3111653,Chr2B_3111653,Chr2B,14.3
Chr2B_4817248,Chr2B_4817248,Chr2B,23.3
Chr2B_5221928,Chr2B_5221928,Chr2B,25.2
Chr2B_5787383,Chr2B_5787383,Chr2B,27.8
Chr2B_8581862,Chr2B_8581862,Chr2B,38.5
Chr2B_9516071,Chr2B_9516071,Chr2B,41.4
Chr2B_10031036,Chr2B_10031036,Chr2B,43
Chr2B_10125714,Chr2B_10125714,Chr2B,43.2
Chr2B_10689314,Chr2B_10689314,Chr2B,44.8
Chr2B_10772495,Chr2B_10772495,Chr2B,45
Chr2B_11176872,Chr2B_11176872,Chr2B,46.1
Chr2B_12469651,Chr2B_12469651,Chr2B,49.3
Chr2B_12554291,Chr2B_12554291,Chr2B,49.5
Chr2B_13606883,Chr2B_13606883,Chr2B,51.8
Chr2B_14491944,Chr2B_14491944,Chr2B,53.5
Chr2B_14491947,Chr2B_14491947,Chr2B,53.5
Chr2B_14789120,Chr2B_14789120,Chr2B,54.1
Chr2B_14963599,Chr2B_14963599,Chr2B,54.4
Chr2B_15137836,Chr2B_15137836,Chr2B,54.7
Chr2B_15287662,Chr2B_15287662,Chr2B,55
Chr2B_15287665,Chr2B_15287665,Chr2B,55
Chr2B_17128141,Chr2B_17128141,Chr2B,58
Chr2B_18568317,Chr2B_18568317,Chr2B,60.1
Chr2B_18568320,Chr2B_18568320,Chr2B,60.1
Chr2B_18885488,Chr2B_18885488,Chr2B,60.5
Chr2B_20865811,Chr2B_20865811,Chr2B,63
Chr2B_21507060,Chr2B_21507060,Chr2B,63.7
Chr2B_21511069,Chr2B_21511069,Chr2B,63.7
Chr2B_21680535,Chr2B_21680535,Chr2B,63.8
Chr2B_22307977,Chr2B_22307977,Chr2B,64.5
Chr2B_24212908,Chr2B_24212908,Chr2B,66.3
Chr2B_24336429,Chr2B_24336429,Chr2B,66.4
Chr2B_25767234,Chr2B_25767234,Chr2B,67.6
Chr2B_26024802,Chr2B_26024802,Chr2B,67.7
Chr2B_26711896,Chr2B_26711896,Chr2B,68.3
Chr2B_27434523,Chr2B_27434523,Chr2B,68.8
Chr2B_27670183,Chr2B_27670183,Chr2B,68.9
Chr2B_27929676,Chr2B_27929676,Chr2B,69.1
Chr2B_28153884,Chr2B_28153884,Chr2B,69.2
Chr2B_28946915,Chr2B_28946915,Chr2B,69.7
Chr2B_30044619,Chr2B_30044619,Chr2B,70.4
Chr2B_30924905,Chr2B_30924905,Chr2B,70.8
Chr2B_30981057,Chr2B_30981057,Chr2B,70.9
Chr2B_32031336,Chr2B_32031336,Chr2B,71.4
Chr2B_33595127,Chr2B_33595127,Chr2B,72.1
Chr2B_38910092,Chr2B_38910092,Chr2B,73.8
Chr2B_40833247,Chr2B_40833247,Chr2B,74.2
Chr2B_41215887,Chr2B_41215887,Chr2B,74.3
Chr2B_44664755,Chr2B_44664755,Chr2B,74.8
Chr2B_44689597,Chr2B_44689597,Chr2B,74.8
Chr2B_54593014,Chr2B_54593014,Chr2B,75.2
Chr2B_60088811,Chr2B_60088811,Chr2B,75.2
Chr2B_68851663,Chr2B_68851663,Chr2B,75.8
Chr2B_69052395,Chr2B_69052395,Chr2B,75.8
Chr2B_69890553,Chr2B_69890553,Chr2B,76
Chr2B_70103526,Chr2B_70103526,Chr2B,76
Chr2B_78392856,Chr2B_78392856,Chr2B,78
Chr2B_81658425,Chr2B_81658425,Chr2B,79.1
Chr2B_81806852,Chr2B_81806852,Chr2B,79.2
Chr2B_81806854,Chr2B_81806854,Chr2B,79.2
Chr2B_82548732,Chr2B_82548732,Chr2B,79.5
Chr2B_85210544,Chr2B_85210544,Chr2B,80.5
Chr2B_85982084,Chr2B_85982084,Chr2B,80.8
Chr2B_86262781,Chr2B_86262781,Chr2B,81
Chr2B_87441214,Chr2B_87441214,Chr2B,81.5
Chr2B_89585211,Chr2B_89585211,Chr2B,82.4
Chr2B_92402684,Chr2B_92402684,Chr2B,83.7
Chr2B_93518794,Chr2B_93518794,Chr2B,84.2
Chr2B_93518797,Chr2B_93518797,Chr2B,84.2
Chr2B_94843169,Chr2B_94843169,Chr2B,84.8
Chr2B_94880882,Chr2B_94880882,Chr2B,84.9
Chr2B_98478628,Chr2B_98478628,Chr2B,86.5
Chr2B_98593537,Chr2B_98593537,Chr2B,86.6
Chr2B_99087676,Chr2B_99087676,Chr2B,86.8
Chr2B_99854875,Chr2B_99854875,Chr2B,87.1
Chr2B_100656955,Chr2B_100656955,Chr2B,87.5
Chr2B_101214010,Chr2B_101214010,Chr2B,87.7
Chr2B_101214012,Chr2B_101214012,Chr2B,87.7
Chr2B_101314282,Chr2B_101314282,Chr2B,87.7
Chr2B_102978653,Chr2B_102978653,Chr2B,88.4
Chr2B_104059392,Chr2B_104059392,Chr2B,88.9
Chr2B_105396773,Chr2B_105396773,Chr2B,89.4
Chr2B_107042934,Chr2B_107042934,Chr2B,90.1
Chr2B_107097392,Chr2B_107097392,Chr2B,90.1
Chr2B_107743067,Chr2B_107743067,Chr2B,90.4
Chr2B_108032058,Chr2B_108032058,Chr2B,90.5
Chr2B_110068787,Chr2B_110068787,Chr2B,91.3
Chr2B_112717181,Chr2B_112717181,Chr2B,92.3
Chr2B_113430797,Chr2B_113430797,Chr2B,92.6
Chr2B_114570337,Chr2B_114570337,Chr2B,93.1
Chr2B_115304600,Chr2B_115304600,Chr2B,93.4
Chr2B_115596573,Chr2B_115596573,Chr2B,93.6
Chr2B_115738944,Chr2B_115738944,Chr2B,93.6
Chr2B_115922822,Chr2B_115922822,Chr2B,93.7
Chr2B_117631090,Chr2B_117631090,Chr2B,94.5
Chr2B_117799460,Chr2B_117799460,Chr2B,94.6
Chr2B_119915710,Chr2B_119915710,Chr2B,95.8
Chr2B_120265735,Chr2B_120265735,Chr2B,96
Chr2B_120750379,Chr2B_120750379,Chr2B,96.3
Chr2B_121260996,Chr2B_121260996,Chr2B,96.6
Chr2B_121322598,Chr2B_121322598,Chr2B,96.6
Chr2B_121418506,Chr2B_121418506,Chr2B,96.7
Chr2B_121578834,Chr2B_121578834,Chr2B,96.8
Chr2B_122676813,Chr2B_122676813,Chr2B,97.6
Chr2B_122933309,Chr2B_122933309,Chr2B,97.8
Chr2B_123044878,Chr2B_123044878,Chr2B,97.9
Chr2B_123655259,Chr2B_123655259,Chr2B,98.3
Chr2B_123740376,Chr2B_123740376,Chr2B,98.4
Chr2B_124003393,Chr2B_124003393,Chr2B,98.6
Chr2B_124190351,Chr2B_124190351,Chr2B,98.8
Chr2B_125732351,Chr2B_125732351,Chr2B,100.2
Chr2B_125848825,Chr2B_125848825,Chr2B,100.3
Chr2B_125902008,Chr2B_125902008,Chr2B,100.4
Chr2B_126384057,Chr2B_126384057,Chr2B,100.9
Chr2B_126525475,Chr2B_126525475,Chr2B,101
Chr2B_127967102,Chr2B_127967102,Chr2B,102.6
Chr2B_128078108,Chr2B_128078108,Chr2B,102.8
Chr2B_128761828,Chr2B_128761828,Chr2B,103.6
Chr2B_129451493,Chr2B_129451493,Chr2B,104.6
Chr2B_129519877,Chr2B_129519877,Chr2B,104.6
Chr2B_129605598,Chr2B_129605598,Chr2B,104.8
Chr2B_129628930,Chr2B_129628930,Chr2B,104.8
Chr2B_130004362,Chr2B_130004362,Chr2B,105.3
Chr2B_130406865,Chr2B_130406865,Chr2B,105.9
Chr2B_130503895,Chr2B_130503895,Chr2B,106.1
Chr2B_130828347,Chr2B_130828347,Chr2B,106.6
Chr2B_131772306,Chr2B_131772306,Chr2B,108.1
Chr2B_132537060,Chr2B_132537060,Chr2B,109.5
Chr2B_133286793,Chr2B_133286793,Chr2B,110.9
Chr2B_133516233,Chr2B_133516233,Chr2B,111.4
Chr2B_136343350,Chr2B_136343350,Chr2B,117.9
Chr2B_138819184,Chr2B_138819184,Chr2B,124.9
Chr2B_138894862,Chr2B_138894862,Chr2B,125.2
Chr2B_138921069,Chr2B_138921069,Chr2B,125.3
Chr2B_139173621,Chr2B_139173621,Chr2B,126.1
Chr2B_139739489,Chr2B_139739489,Chr2B,127.9
Chr2B_139831326,Chr2B_139831326,Chr2B,128.3
Chr2B_140004353,Chr2B_140004353,Chr2B,128.9
Chr2B_140271108,Chr2B_140271108,Chr2B,129.8
Chr2B_140816164,Chr2B_140816164,Chr2B,131.8
Chr2B_141187259,Chr2B_141187259,Chr2B,133.1
Chr2B_141368489,Chr2B_141368489,Chr2B,133.8
Chr2B_141538573,Chr2B_141538573,Chr2B,134.5
Chr2B_141792260,Chr2B_141792260,Chr2B,135.5
Chr2B_142780069,Chr2B_142780069,Chr2B,139.6
Chr2B_142887125,Chr2B_142887125,Chr2B,140
Chr2B_144593559,Chr2B_144593559,Chr2B,147.9
Chr2D_733033,Chr2D_733033,Chr2D,3.2
Chr2D_2019316,Chr2D_2019316,Chr2D,12.3
Chr2D_2400150,Chr2D_2400150,Chr2D,14.9
Chr2D_2817088,Chr2D_2817088,Chr2D,17.5
Chr2D_2817090,Chr2D_2817090,Chr2D,17.5
Chr2D_2998101,Chr2D_2998101,Chr2D,18.6
Chr2D_3700245,Chr2D_3700245,Chr2D,22.8
Chr2D_9022559,Chr2D_9022559,Chr2D,46.5
Chr2D_13962667,Chr2D_13962667,Chr2D,59.8
Chr2D_30906953,Chr2D_30906953,Chr2D,75
Chr2D_39199312,Chr2D_39199312,Chr2D,75.6
Chr2D_104166954,Chr2D_104166954,Chr2D,103.3
Chr2D_104512778,Chr2D_104512778,Chr2D,103.9
Chr2D_105366642,Chr2D_105366642,Chr2D,105.4
Chr2D_106933855,Chr2D_106933855,Chr2D,108.4
Chr2D_108529474,Chr2D_108529474,Chr2D,111.6
Chr2D_108860784,Chr2D_108860784,Chr2D,112.3
Chr2D_109319454,Chr2D_109319454,Chr2D,113.3
Chr2D_109537202,Chr2D_109537202,Chr2D,113.8
Chr2D_110134467,Chr2D_110134467,Chr2D,115.1
Chr2D_110314913,Chr2D_110314913,Chr2D,115.5
Chr2D_110347931,Chr2D_110347931,Chr2D,115.6
Chr2D_110347936,Chr2D_110347936,Chr2D,115.6
Chr2D_110982433,Chr2D_110982433,Chr2D,117.1
Chr2D_111325402,Chr2D_111325402,Chr2D,117.9
Chr2D_111477782,Chr2D_111477782,Chr2D,118.2
Chr2D_113892676,Chr2D_113892676,Chr2D,124.2
Chr2D_114063864,Chr2D_114063864,Chr2D,124.6
Chr2D_114445389,Chr2D_114445389,Chr2D,125.6
Chr2D_114461154,Chr2D_114461154,Chr2D,125.6
Chr2D_114567363,Chr2D_114567363,Chr2D,125.9
Chr2D_114600825,Chr2D_114600825,Chr2D,126
Chr2D_114660214,Chr2D_114660214,Chr2D,126.2
Chr2D_117329640,Chr2D_117329640,Chr2D,133.2
Chr2D_117686764,Chr2D_117686764,Chr2D,134.2
Chr2D_117847835,Chr2D_117847835,Chr2D,134.6
Chr2D_118012194,Chr2D_118012194,Chr2D,135.1
Chr2D_118146689,Chr2D_118146689,Chr2D,135.5
Chr3A_253793,Chr3A_253793,Chr3A,0
Chr3A_1234257,Chr3A_1234257,Chr3A,0.7
Chr3A_1295548,Chr3A_1295548,Chr3A,1.2
Chr3A_1562434,Chr3A_1562434,Chr3A,3.1
Chr3A_1858143,Chr3A_1858143,Chr3A,5.3
Chr3A_2270520,Chr3A_2270520,Chr3A,8.1
Chr3A_2277427,Chr3A_2277427,Chr3A,8.2
Chr3A_2349435,Chr3A_2349435,Chr3A,8.6
Chr3A_2805955,Chr3A_2805955,Chr3A,11.6
Chr3A_3124531,Chr3A_3124531,Chr3A,13.6
Chr3A_3836822,Chr3A_3836822,Chr3A,17.9
Chr3A_3961363,Chr3A_3961363,Chr3A,18.6
Chr3A_4220107,Chr3A_4220107,Chr3A,20
Chr3A_4298801,Chr3A_4298801,Chr3A,20.5
Chr3A_4769461,Chr3A_4769461,Chr3A,23
Chr3A_9378133,Chr3A_9378133,Chr3A,41.6
Chr3A_10322949,Chr3A_10322949,Chr3A,44.4
Chr3A_12245177,Chr3A_12245177,Chr3A,49
Chr3A_16632869,Chr3A_16632869,Chr3A,55.9
Chr3A_90360817,Chr3A_90360817,Chr3A,64.2
Chr3A_93510128,Chr3A_93510128,Chr3A,64.9
Chr3A_95119862,Chr3A_95119862,Chr3A,65.4
Chr3A_95970849,Chr3A_95970849,Chr3A,65.7
Chr3A_96812487,Chr3A_96812487,Chr3A,66
Chr3A_100460758,Chr3A_100460758,Chr3A,67.8
Chr3A_103267474,Chr3A_103267474,Chr3A,69.6
Chr3A_103771959,Chr3A_103771959,Chr3A,69.9
Chr3A_113421772,Chr3A_113421772,Chr3A,80.5
Chr3A_114181229,Chr3A_114181229,Chr3A,81.7
Chr3A_114194165,Chr3A_114194165,Chr3A,81.7
Chr3A_118171317,Chr3A_118171317,Chr3A,89
Chr3A_118901715,Chr3A_118901715,Chr3A,90.6
Chr3A_124855317,Chr3A_124855317,Chr3A,106.7
Chr3A_125026506,Chr3A_125026506,Chr3A,107.3
Chr3A_125203988,Chr3A_125203988,Chr3A,107.9
Chr3A_125204733,Chr3A_125204733,Chr3A,107.9
Chr3A_127203387,Chr3A_127203387,Chr3A,115
Chr3A_127502687,Chr3A_127502687,Chr3A,116.2
Chr3A_128726452,Chr3A_128726452,Chr3A,121.1
Chr3A_129140812,Chr3A_129140812,Chr3A,122.9
Chr3A_130080870,Chr3A_130080870,Chr3A,127
Chr3A_130618429,Chr3A_130618429,Chr3A,129.5
Chr3A_131729955,Chr3A_131729955,Chr3A,135
Chr3A_131971103,Chr3A_131971103,Chr3A,136.2
Chr3A_132055729,Chr3A_132055729,Chr3A,136.7
Chr3A_132239754,Chr3A_132239754,Chr3A,137.6
Chr3A_132273435,Chr3A_132273435,Chr3A,137.8
Chr3A_132276283,Chr3A_132276283,Chr3A,137.8
Chr3A_132374045,Chr3A_132374045,Chr3A,138.3
Chr3A_134087121,Chr3A_134087121,Chr3A,147.9
Chr3B_288764,Chr3B_288764,Chr3B,0
Chr3B_412487,Chr3B_412487,Chr3B,0
Chr3B_1359869,Chr3B_1359869,Chr3B,6.1
Chr3B_2969089,Chr3B_2969089,Chr3B,15.8
Chr3B_3035249,Chr3B_3035249,Chr3B,16.1
Chr3B_3265182,Chr3B_3265182,Chr3B,17.3
Chr3B_3354571,Chr3B_3354571,Chr3B,17.8
Chr3B_3354578,Chr3B_3354578,Chr3B,17.8
Chr3B_4009817,Chr3B_4009817,Chr3B,21
Chr3B_4029818,Chr3B_4029818,Chr3B,21
Chr3B_4373774,Chr3B_4373774,Chr3B,22.6
Chr3B_4851171,Chr3B_4851171,Chr3B,24.6
Chr3B_5655574,Chr3B_5655574,Chr3B,27.7
Chr3B_5763910,Chr3B_5763910,Chr3B,28.1
Chr3B_5764391,Chr3B_5764391,Chr3B,28.1
Chr3B_5793304,Chr3B_5793304,Chr3B,28.2
Chr3B_6844337,Chr3B_6844337,Chr3B,31.7
Chr3B_7703500,Chr3B_7703500,Chr3B,34.2
Chr3B_8582195,Chr3B_8582195,Chr3B,36.4
Chr3B_8869346,Chr3B_8869346,Chr3B,37
Chr3B_8929779,Chr3B_8929779,Chr3B,37.2
Chr3B_10978790,Chr3B_10978790,Chr3B,41.1
Chr3B_11946441,Chr3B_11946441,Chr3B,42.5
Chr3B_18681038,Chr3B_18681038,Chr3B,48.2
Chr3B_20979724,Chr3B_20979724,Chr3B,49.1
Chr3B_22610007,Chr3B_22610007,Chr3B,49.6
Chr3B_22650819,Chr3B_22650819,Chr3B,49.6
Chr3B_40777770,Chr3B_40777770,Chr3B,52.7
Chr3B_45879328,Chr3B_45879328,Chr3B,53.1
Chr3B_57346453,Chr3B_57346453,Chr3B,53.4
Chr3B_75323435,Chr3B_75323435,Chr3B,54.5
Chr3B_75622655,Chr3B_75622655,Chr3B,54.6
Chr3B_83776564,Chr3B_83776564,Chr3B,56.4
Chr3B_87698919,Chr3B_87698919,Chr3B,57.5
Chr3B_87698921,Chr3B_87698921,Chr3B,57.5
Chr3B_92235975,Chr3B_92235975,Chr3B,58.8
Chr3B_99824240,Chr3B_99824240,Chr3B,61
Chr3B_105239033,Chr3B_105239033,Chr3B,62.3
Chr3B_105352827,Chr3B_105352827,Chr3B,62.3
Chr3B_105352831,Chr3B_105352831,Chr3B,62.3
Chr3B_105352834,Chr3B_105352834,Chr3B,62.3
Chr3B_105813788,Chr3B_105813788,Chr3B,62.5
Chr3B_106317082,Chr3B_106317082,Chr3B,62.6
Chr3B_109497072,Chr3B_109497072,Chr3B,63.3
Chr3B_114649873,Chr3B_114649873,Chr3B,64.6
Chr3B_122340685,Chr3B_122340685,Chr3B,68
Chr3B_122508063,Chr3B_122508063,Chr3B,68.1
Chr3B_124993961,Chr3B_124993961,Chr3B,69.9
Chr3B_125453148,Chr3B_125453148,Chr3B,70.3
Chr3B_127441309,Chr3B_127441309,Chr3B,72.2
Chr3B_127839486,Chr3B_127839486,Chr3B,72.6
Chr3B_128710285,Chr3B_128710285,Chr3B,73.6
Chr3B_130429733,Chr3B_130429733,Chr3B,75.9
Chr3B_130807902,Chr3B_130807902,Chr3B,76.5
Chr3B_131459616,Chr3B_131459616,Chr3B,77.5
Chr3B_134456414,Chr3B_134456414,Chr3B,82.9
Chr3B_134456799,Chr3B_134456799,Chr3B,82.9
Chr3B_134818929,Chr3B_134818929,Chr3B,83.7
Chr3B_134993790,Chr3B_134993790,Chr3B,84
Chr3B_135879028,Chr3B_135879028,Chr3B,86
Chr3B_135945453,Chr3B_135945453,Chr3B,86.2
Chr3B_136193362,Chr3B_136193362,Chr3B,86.8
Chr3B_136299537,Chr3B_136299537,Chr3B,87
Chr3B_136567244,Chr3B_136567244,Chr3B,87.7
Chr3B_136873943,Chr3B_136873943,Chr3B,88.4
Chr3B_136873949,Chr3B_136873949,Chr3B,88.4
Chr3B_136888427,Chr3B_136888427,Chr3B,88.5
Chr3B_137929455,Chr3B_137929455,Chr3B,91.2
Chr3B_138940732,Chr3B_138940732,Chr3B,94.1
Chr3B_139101764,Chr3B_139101764,Chr3B,94.6
Chr3B_140124378,Chr3B_140124378,Chr3B,97.8
Chr3B_140878784,Chr3B_140878784,Chr3B,100.3
Chr3B_145570601,Chr3B_145570601,Chr3B,119.3
Chr3B_145946118,Chr3B_145946118,Chr3B,121.1
Chr3B_146424140,Chr3B_146424140,Chr3B,123.4
Chr3B_146837443,Chr3B_146837443,Chr3B,125.5
Chr3B_149081580,Chr3B_149081580,Chr3B,137.6
Chr3B_149247716,Chr3B_149247716,Chr3B,138.6
Chr3B_150772856,Chr3B_150772856,Chr3B,147.8
Chr3D_184883,Chr3D_184883,Chr3D,0
Chr3D_300332,Chr3D_300332,Chr3D,0
Chr3D_300341,Chr3D_300341,Chr3D,0
Chr3D_1019214,Chr3D_1019214,Chr3D,2.9
Chr3D_1610969,Chr3D_1610969,Chr3D,7
Chr3D_38988732,Chr3D_38988732,Chr3D,56.8
Chr3D_83026764,Chr3D_83026764,Chr3D,76.5
Chr3D_105658058,Chr3D_105658058,Chr3D,120.7
Chr3D_108530606,Chr3D_108530606,Chr3D,134
Chr3D_108543503,Chr3D_108543503,Chr3D,134.1
Chr3D_108543518,Chr3D_108543518,Chr3D,134.1
Chr3D_109122498,Chr3D_109122498,Chr3D,137.4
Chr3D_109209959,Chr3D_109209959,Chr3D,137.9
Chr3D_109811244,Chr3D_109811244,Chr3D,141.6
Chr3D_110374631,Chr3D_110374631,Chr3D,145.3
Chr3D_110894081,Chr3D_110894081,Chr3D,149
Chr3D_110894085,Chr3D_110894085,Chr3D,149
Chr3D_110901008,Chr3D_110901008,Chr3D,149
Chr3D_110976068,Chr3D_110976068,Chr3D,149.6
Chr3D_111322509,Chr3D_111322509,Chr3D,152.2
Chr3D_111465169,Chr3D_111465169,Chr3D,153.3
Chr4A_705563,Chr4A_705563,Chr4A,1
Chr4A_10586080,Chr4A_10586080,Chr4A,41.3
Chr4A_12488537,Chr4A_12488537,Chr4A,42.4
Chr4A_79171498,Chr4A_79171498,Chr4A,46.8
Chr4A_108191246,Chr4A_108191246,Chr4A,71
Chr4A_108550978,Chr4A_108550978,Chr4A,71.8
Chr4A_108803416,Chr4A_108803416,Chr4A,72.4
Chr4A_109070486,Chr4A_109070486,Chr4A,73
Chr4A_109645486,Chr4A_109645486,Chr4A,74.4
Chr4A_109697539,Chr4A_109697539,Chr4A,74.5
Chr4A_109697541,Chr4A_109697541,Chr4A,74.5
Chr4A_109697542,Chr4A_109697542,Chr4A,74.5
Chr4A_112527592,Chr4A_112527592,Chr4A,81.4
Chr4A_113656695,Chr4A_113656695,Chr4A,84.2
Chr4A_113990620,Chr4A_113990620,Chr4A,85
Chr4A_113990625,Chr4A_113990625,Chr4A,85
Chr4A_114181000,Chr4A_114181000,Chr4A,85.5
Chr4A_116226927,Chr4A_116226927,Chr4A,90.5
Chr4A_117654597,Chr4A_117654597,Chr4A,93.9
Chr4A_118303054,Chr4A_118303054,Chr4A,95.3
Chr4A_118403268,Chr4A_118403268,Chr4A,95.6
Chr4A_118449491,Chr4A_118449491,Chr4A,95.7
Chr4A_119490803,Chr4A_119490803,Chr4A,98
Chr4A_119616415,Chr4A_119616415,Chr4A,98.3
Chr4A_120140563,Chr4A_120140563,Chr4A,99.4
Chr4A_120227023,Chr4A_120227023,Chr4A,99.5
Chr4A_120227027,Chr4A_120227027,Chr4A,99.5
Chr4A_122370633,Chr4A_122370633,Chr4A,103.8
Chr4A_123006853,Chr4A_123006853,Chr4A,104.9
Chr4A_123168668,Chr4A_123168668,Chr4A,105.2
Chr4A_125162618,Chr4A_125162618,Chr4A,108.5
Chr4A_126318711,Chr4A_126318711,Chr4A,110.3
Chr4A_126362129,Chr4A_126362129,Chr4A,110.4
Chr4A_128855728,Chr4A_128855728,Chr4A,114.2
Chr4A_129123221,Chr4A_129123221,Chr4A,114.6
Chr4A_129151815,Chr4A_129151815,Chr4A,114.7
Chr4A_129494177,Chr4A_129494177,Chr4A,115.2
Chr4A_129852811,Chr4A_129852811,Chr4A,115.8
Chr4A_130412198,Chr4A_130412198,Chr4A,116.8
Chr4A_131587761,Chr4A_131587761,Chr4A,119.2
Chr4A_131909936,Chr4A_131909936,Chr4A,119.9
Chr4A_131915016,Chr4A_131915016,Chr4A,119.9
Chr4A_131915054,Chr4A_131915054,Chr4A,119.9
Chr4A_132703213,Chr4A_132703213,Chr4A,121.9
Chr4A_133402518,Chr4A_133402518,Chr4A,124
Chr4A_133402521,Chr4A_133402521,Chr4A,124
Chr4A_134391289,Chr4A_134391289,Chr4A,127.5
Chr4A_135045707,Chr4A_135045707,Chr4A,130.3
Chr4A_135045720,Chr4A_135045720,Chr4A,130.3
Chr4B_1104886,Chr4B_1104886,Chr4B,0.3
Chr4B_1104889,Chr4B_1104889,Chr4B,0.3
Chr4B_3170933,Chr4B_3170933,Chr4B,14.1
Chr4B_4693331,Chr4B_4693331,Chr4B,21
Chr4B_5225468,Chr4B_5225468,Chr4B,22.9
Chr4B_31462703,Chr4B_31462703,Chr4B,35.8
Chr4B_75050336,Chr4B_75050336,Chr4B,37.7
Chr4B_75475184,Chr4B_75475184,Chr4B,37.7
Chr4B_75475193,Chr4B_75475193,Chr4B,37.7
Chr4B_76766485,Chr4B_76766485,Chr4B,38
Chr4B_76766489,Chr4B_76766489,Chr4B,38
Chr4B_87559282,Chr4B_87559282,Chr4B,41.5
Chr4B_87834948,Chr4B_87834948,Chr4B,41.7
Chr4B_94437217,Chr4B_94437217,Chr4B,45.3
Chr4B_95807848,Chr4B_95807848,Chr4B,46.1
Chr4B_97290205,Chr4B_97290205,Chr4B,46.9
Chr4B_97946706,Chr4B_97946706,Chr4B,47.2
Chr4B_98409599,Chr4B_98409599,Chr4B,47.4
Chr4B_101717946,Chr4B_101717946,Chr4B,48.9
Chr4B_109640719,Chr4B_109640719,Chr4B,51.5
Chr4B_111311050,Chr4B_111311050,Chr4B,52.5
Chr4B_112397634,Chr4B_112397634,Chr4B,53.5
Chr4B_112652557,Chr4B_112652557,Chr4B,53.8
Chr4B_115882200,Chr4B_115882200,Chr4B,59.8
Chr4B_116824729,Chr4B_116824729,Chr4B,62.8
Chr4B_117482685,Chr4B_117482685,Chr4B,65.3
Chr4B_119178115,Chr4B_119178115,Chr4B,74.2
Chr4B_119178118,Chr4B_119178118,Chr4B,74.2
Chr4B_119635102,Chr4B_119635102,Chr4B,77.2
Chr4B_120107523,Chr4B_120107523,Chr4B,80.7
Chr4B_121083114,Chr4B_121083114,Chr4B,89.1
Chr4D_40068314,Chr4D_40068314,Chr4D,53.8
Chr4D_91907520,Chr4D_91907520,Chr4D,111.3
Chr5A_986074,Chr5A_986074,Chr5A,0
Chr5A_1231609,Chr5A_1231609,Chr5A,0
Chr5A_1378642,Chr5A_1378642,Chr5A,0
Chr5A_3635924,Chr5A_3635924,Chr5A,0
Chr5A_5303878,Chr5A_5303878,Chr5A,0
Chr5A_5607686,Chr5A_5607686,Chr5A,0
Chr5A_5852780,Chr5A_5852780,Chr5A,0
Chr5A_9504753,Chr5A_9504753,Chr5A,0
Chr5A_9583862,Chr5A_9583862,Chr5A,0
Chr5A_29830522,Chr5A_29830522,Chr5A,0
Chr5A_75132291,Chr5A_75132291,Chr5A,3.2
Chr5A_80216598,Chr5A_80216598,Chr5A,4.8
Chr5A_80216599,Chr5A_80216599,Chr5A,4.8
Chr5A_80216601,Chr5A_80216601,Chr5A,4.8
Chr5A_80464514,Chr5A_80464514,Chr5A,4.8
Chr5A_82085109,Chr5A_82085109,Chr5A,5.1
Chr5A_82686658,Chr5A_82686658,Chr5A,5.3
Chr5A_83368126,Chr5A_83368126,Chr5A,5.5
Chr5A_83859969,Chr5A_83859969,Chr5A,5.6
Chr5A_86056095,Chr5A_86056095,Chr5A,6.6
Chr5A_89606825,Chr5A_89606825,Chr5A,9.7
Chr5A_89720839,Chr5A_89720839,Chr5A,9.8
Chr5A_89720842,Chr5A_89720842,Chr5A,9.8
Chr5A_90183925,Chr5A_90183925,Chr5A,10.4
Chr5A_91370999,Chr5A_91370999,Chr5A,12.1
Chr5A_91626499,Chr5A_91626499,Chr5A,12.5
Chr5A_92972997,Chr5A_92972997,Chr5A,14.8
Chr5A_93505437,Chr5A_93505437,Chr5A,15.8
Chr5A_94642216,Chr5A_94642216,Chr5A,18.1
Chr5A_96162159,Chr5A_96162159,Chr5A,21.5
Chr5A_97996127,Chr5A_97996127,Chr5A,25.9
Chr5A_98191725,Chr5A_98191725,Chr5A,26.4
Chr5A_99328780,Chr5A_99328780,Chr5A,29.3
Chr5A_99879000,Chr5A_99879000,Chr5A,30.8
Chr5A_100090253,Chr5A_100090253,Chr5A,31.4
Chr5A_110779978,Chr5A_110779978,Chr5A,59.7
Chr5A_111876128,Chr5A_111876128,Chr5A,62.5
Chr5A_112093015,Chr5A_112093015,Chr5A,63.1
Chr5A_112178580,Chr5A_112178580,Chr5A,63.3
Chr5A_120696889,Chr5A_120696889,Chr5A,88.5
Chr5A_120881694,Chr5A_120881694,Chr5A,89.2
Chr5A_122055665,Chr5A_122055665,Chr5A,93.3
Chr5A_122716047,Chr5A_122716047,Chr5A,95.6
Chr5A_123265597,Chr5A_123265597,Chr5A,97.5
Chr5A_123386225,Chr5A_123386225,Chr5A,98
Chr5A_123656991,Chr5A_123656991,Chr5A,98.9
Chr5A_125381874,Chr5A_125381874,Chr5A,105
Chr5A_126059434,Chr5A_126059434,Chr5A,107.3
Chr5A_128486000,Chr5A_128486000,Chr5A,114.7
Chr5B_1289186,Chr5B_1289186,Chr5B,3.3
Chr5B_1329697,Chr5B_1329697,Chr5B,3.5
Chr5B_2725079,Chr5B_2725079,Chr5B,10.7
Chr5B_2725663,Chr5B_2725663,Chr5B,10.7
Chr5B_2725672,Chr5B_2725672,Chr5B,10.7
Chr5B_3397104,Chr5B_3397104,Chr5B,13.6
Chr5B_3479115,Chr5B_3479115,Chr5B,13.9
Chr5B_5130817,Chr5B_5130817,Chr5B,19.7
Chr5B_5824247,Chr5B_5824247,Chr5B,21.6
Chr5B_6905385,Chr5B_6905385,Chr5B,24.2
Chr5B_6905404,Chr5B_6905404,Chr5B,24.2
Chr5B_7529370,Chr5B_7529370,Chr5B,25.4
Chr5B_9008200,Chr5B_9008200,Chr5B,27.7
Chr5B_10757812,Chr5B_10757812,Chr5B,29.7
Chr5B_12963724,Chr5B_12963724,Chr5B,31.2
Chr5B_13518789,Chr5B_13518789,Chr5B,31.4
Chr5B_24841189,Chr5B_24841189,Chr5B,32.4
Chr5B_43846998,Chr5B_43846998,Chr5B,34.3
Chr5B_46244654,Chr5B_46244654,Chr5B,34.5
Chr5B_73988111,Chr5B_73988111,Chr5B,38.7
Chr5B_76086114,Chr5B_76086114,Chr5B,40.3
Chr5B_76398865,Chr5B_76398865,Chr5B,40.5
Chr5B_77687359,Chr5B_77687359,Chr5B,41.7
Chr5B_77687406,Chr5B_77687406,Chr5B,41.7
Chr5B_86320859,Chr5B_86320859,Chr5B,53.6
Chr5B_88133208,Chr5B_88133208,Chr5B,57
Chr5B_88951936,Chr5B_88951936,Chr5B,58.6
Chr5B_89004264,Chr5B_89004264,Chr5B,58.7
Chr5B_90403270,Chr5B_90403270,Chr5B,61.6
Chr5B_93061781,Chr5B_93061781,Chr5B,67.5
Chr5B_95746085,Chr5B_95746085,Chr5B,73.8
Chr5B_96085929,Chr5B_96085929,Chr5B,74.7
Chr5B_96095414,Chr5B_96095414,Chr5B,74.7
Chr5B_96102585,Chr5B_96102585,Chr5B,74.7
Chr5B_96508747,Chr5B_96508747,Chr5B,75.7
Chr5B_97547979,Chr5B_97547979,Chr5B,78.2
Chr5B_97779059,Chr5B_97779059,Chr5B,78.8
Chr5B_99675742,Chr5B_99675742,Chr5B,83.5
Chr5B_99675744,Chr5B_99675744,Chr5B,83.5
Chr5B_99762518,Chr5B_99762518,Chr5B,83.7
Chr5B_99940661,Chr5B_99940661,Chr5B,84.2
Chr5B_100061535,Chr5B_100061535,Chr5B,84.5
Chr5B_105287056,Chr5B_105287056,Chr5B,97
Chr5B_107542099,Chr5B_107542099,Chr5B,102
Chr5B_107780335,Chr5B_107780335,Chr5B,102.6
Chr5B_108164735,Chr5B_108164735,Chr5B,103.4
Chr5B_108205729,Chr5B_108205729,Chr5B,103.4
Chr5B_108242326,Chr5B_108242326,Chr5B,103.5
Chr5B_109796721,Chr5B_109796721,Chr5B,106.7
Chr5B_110029303,Chr5B_110029303,Chr5B,107.1
Chr5B_110093389,Chr5B_110093389,Chr5B,107.2
Chr5B_110607455,Chr5B_110607455,Chr5B,108.2
Chr5B_110700706,Chr5B_110700706,Chr5B,108.4
Chr5B_111248372,Chr5B_111248372,Chr5B,109.4
Chr5B_112306214,Chr5B_112306214,Chr5B,111.4
Chr5B_112783382,Chr5B_112783382,Chr5B,112.2
Chr5B_116563329,Chr5B_116563329,Chr5B,118.6
Chr5B_118874318,Chr5B_118874318,Chr5B,122.6
Chr5B_118997745,Chr5B_118997745,Chr5B,122.8
Chr5B_119738129,Chr5B_119738129,Chr5B,124.3
Chr5B_119748201,Chr5B_119748201,Chr5B,124.3
Chr5B_121853177,Chr5B_121853177,Chr5B,129.1
Chr5B_121915241,Chr5B_121915241,Chr5B,129.2
Chr5B_124385612,Chr5B_124385612,Chr5B,137
Chr5B_125294151,Chr5B_125294151,Chr5B,140.8
Chr5B_125618678,Chr5B_125618678,Chr5B,142.3
Chr5B_125626772,Chr5B_125626772,Chr5B,142.3
Chr5B_126124737,Chr5B_126124737,Chr5B,144.8
Chr5B_126720565,Chr5B_126720565,Chr5B,148
Chr5B_127273092,Chr5B_127273092,Chr5B,151.3
Chr5B_128096645,Chr5B_128096645,Chr5B,156.9
Chr5B_129261962,Chr5B_129261962,Chr5B,166.2
Chr5B_129305615,Chr5B_129305615,Chr5B,166.6
Chr5D_7479485,Chr5D_7479485,Chr5D,21.3
Chr5D_75317801,Chr5D_75317801,Chr5D,75.4
Chr5D_77539654,Chr5D_77539654,Chr5D,83.1
Chr5D_90347280,Chr5D_90347280,Chr5D,135.1
Chr5D_98565600,Chr5D_98565600,Chr5D,170.8
Chr5D_98960643,Chr5D_98960643,Chr5D,172.5
Chr5D_99242533,Chr5D_99242533,Chr5D,173.7
Chr5D_99276732,Chr5D_99276732,Chr5D,173.9
Chr5D_99933664,Chr5D_99933664,Chr5D,176.8
Chr5D_101244378,Chr5D_101244378,Chr5D,182.6
Chr6A_147783,Chr6A_147783,Chr6A,0
Chr6A_173820,Chr6A_173820,Chr6A,0
Chr6A_370191,Chr6A_370191,Chr6A,0
Chr6A_389413,Chr6A_389413,Chr6A,0
Chr6A_1018820,Chr6A_1018820,Chr6A,2.5
Chr6A_2014129,Chr6A_2014129,Chr6A,7.4
Chr6A_3405993,Chr6A_3405993,Chr6A,13.3
Chr6A_3563489,Chr6A_3563489,Chr6A,14
Chr6A_3563496,Chr6A_3563496,Chr6A,14
Chr6A_3634091,Chr6A_3634091,Chr6A,14.2
Chr6A_4313020,Chr6A_4313020,Chr6A,16.7
Chr6A_5612366,Chr6A_5612366,Chr6A,21.1
Chr6A_5612425,Chr6A_5612425,Chr6A,21.1
Chr6A_5707326,Chr6A_5707326,Chr6A,21.4
Chr6A_6001441,Chr6A_6001441,Chr6A,22.2
Chr6A_6284703,Chr6A_6284703,Chr6A,23.1
Chr6A_6801518,Chr6A_6801518,Chr6A,24.5
Chr6A_9345189,Chr6A_9345189,Chr6A,30.4
Chr6A_9958638,Chr6A_9958638,Chr6A,31.6
Chr6A_10976548,Chr6A_10976548,Chr6A,33.4
Chr6A_11043753,Chr6A_11043753,Chr6A,33.5
Chr6A_11167755,Chr6A_11167755,Chr6A,33.7
Chr6A_12054973,Chr6A_12054973,Chr6A,35.1
Chr6A_12068961,Chr6A_12068961,Chr6A,35.1
Chr6A_19441637,Chr6A_19441637,Chr6A,42.1
Chr6A_19493593,Chr6A_19493593,Chr6A,42.1
Chr6A_78287845,Chr6A_78287845,Chr6A,48.7
Chr6A_81834437,Chr6A_81834437,Chr6A,48.8
Chr6A_81899671,Chr6A_81899671,Chr6A,48.8
Chr6A_92517486,Chr6A_92517486,Chr6A,51.6
Chr6A_99709979,Chr6A_99709979,Chr6A,60.5
Chr6A_101714359,Chr6A_101714359,Chr6A,65.1
Chr6A_101907871,Chr6A_101907871,Chr6A,65.6
Chr6A_103580579,Chr6A_103580579,Chr6A,70.4
Chr6A_105506527,Chr6A_105506527,Chr6A,77.2
Chr6A_106049312,Chr6A_106049312,Chr6A,79.4
Chr6A_108155359,Chr6A_108155359,Chr6A,89.1
Chr6A_108349079,Chr6A_108349079,Chr6A,90.1
Chr6A_108757548,Chr6A_108757548,Chr6A,92.3
Chr6A_108917863,Chr6A_108917863,Chr6A,93.1
Chr6A_109063789,Chr6A_109063789,Chr6A,94
Chr6A_109710282,Chr6A_109710282,Chr6A,97.7
Chr6A_110156763,Chr6A_110156763,Chr6A,100.3
Chr6A_110253383,Chr6A_110253383,Chr6A,100.9
Chr6A_110373530,Chr6A_110373530,Chr6A,101.7
Chr6A_110441420,Chr6A_110441420,Chr6A,102.1
Chr6A_110746722,Chr6A_110746722,Chr6A,104.1
Chr6A_111166251,Chr6A_111166251,Chr6A,106.8
Chr6A_111220788,Chr6A_111220788,Chr6A,107.2
Chr6A_112045583,Chr6A_112045583,Chr6A,113
Chr6A_112045585,Chr6A_112045585,Chr6A,113
Chr6A_112149751,Chr6A_112149751,Chr6A,113.8
Chr6A_112149757,Chr6A_112149757,Chr6A,113.8
Chr6B_705734,Chr6B_705734,Chr6B,0
Chr6B_2045613,Chr6B_2045613,Chr6B,4.3
Chr6B_2276772,Chr6B_2276772,Chr6B,5.7
Chr6B_2604860,Chr6B_2604860,Chr6B,7.6
Chr6B_2604861,Chr6B_2604861,Chr6B,7.6
Chr6B_2972131,Chr6B_2972131,Chr6B,9.6
Chr6B_3464507,Chr6B_3464507,Chr6B,12.1
Chr6B_3834980,Chr6B_3834980,Chr6B,13.8
Chr6B_5841249,Chr6B_5841249,Chr6B,21.7
Chr6B_5855396,Chr6B_5855396,Chr6B,21.8
Chr6B_5950265,Chr6B_5950265,Chr6B,22.1
Chr6B_6060335,Chr6B_6060335,Chr6B,22.4
Chr6B_6589534,Chr6B_6589534,Chr6B,24
Chr6B_6740039,Chr6B_6740039,Chr6B,24.5
Chr6B_8459893,Chr6B_8459893,Chr6B,28.7
Chr6B_8766604,Chr6B_8766604,Chr6B,29.3
Chr6B_8823469,Chr6B_8823469,Chr6B,29.4
Chr6B_14265946,Chr6B_14265946,Chr6B,36.4
Chr6B_22148181,Chr6B_22148181,Chr6B,40.2
Chr6B_24057818,Chr6B_24057818,Chr6B,40.9
Chr6B_28280264,Chr6B_28280264,Chr6B,42.1
Chr6B_30093178,Chr6B_30093178,Chr6B,42.6
Chr6B_31573348,Chr6B_31573348,Chr6B,43
Chr6B_35862213,Chr6B_35862213,Chr6B,44.1
Chr6B_81776716,Chr6B_81776716,Chr6B,48
Chr6B_83367507,Chr6B_83367507,Chr6B,48.3
Chr6B_83600967,Chr6B_83600967,Chr6B,48.4
Chr6B_85655218,Chr6B_85655218,Chr6B,48.9
Chr6B_86213451,Chr6B_86213451,Chr6B,49
Chr6B_94438587,Chr6B_94438587,Chr6B,51.5
Chr6B_101705320,Chr6B_101705320,Chr6B,54.4
Chr6B_101996574,Chr6B_101996574,Chr6B,54.6
Chr6B_102387395,Chr6B_102387395,Chr6B,54.8
Chr6B_103232222,Chr6B_103232222,Chr6B,55.2
Chr6B_104734035,Chr6B_104734035,Chr6B,55.9
Chr6B_107438668,Chr6B_107438668,Chr6B,57.4
Chr6B_116932970,Chr6B_116932970,Chr6B,65.7
Chr6B_117066183,Chr6B_117066183,Chr6B,65.9
Chr6B_118167338,Chr6B_118167338,Chr6B,67.5
Chr6B_118723571,Chr6B_118723571,Chr6B,68.4
Chr6B_122766727,Chr6B_122766727,Chr6B,77
Chr6B_122830855,Chr6B_122830855,Chr6B,77.2
Chr6B_122854954,Chr6B_122854954,Chr6B,77.3
Chr6B_122915779,Chr6B_122915779,Chr6B,77.4
Chr6B_122915781,Chr6B_122915781,Chr6B,77.4
Chr6B_123517062,Chr6B_123517062,Chr6B,79.2
Chr6B_123570746,Chr6B_123570746,Chr6B,79.3
Chr6B_123763677,Chr6B_123763677,Chr6B,79.9
Chr6B_123895912,Chr6B_123895912,Chr6B,80.3
Chr6B_125950861,Chr6B_125950861,Chr6B,87.7
Chr6B_127393999,Chr6B_127393999,Chr6B,94.1
Chr6B_128007062,Chr6B_128007062,Chr6B,97.2
Chr6B_130231477,Chr6B_130231477,Chr6B,110.8
Chr6B_130804551,Chr6B_130804551,Chr6B,114.9
Chr6D_485598,Chr6D_485598,Chr6D,0
Chr6D_1132429,Chr6D_1132429,Chr6D,4.7
Chr6D_1396227,Chr6D_1396227,Chr6D,6.9
Chr6D_1524056,Chr6D_1524056,Chr6D,7.9
Chr6D_1810552,Chr6D_1810552,Chr6D,10.2
Chr6D_1903175,Chr6D_1903175,Chr6D,10.9
Chr6D_1903803,Chr6D_1903803,Chr6D,10.9
Chr6D_1903814,Chr6D_1903814,Chr6D,10.9
Chr6D_2288050,Chr6D_2288050,Chr6D,13.9
Chr6D_2669366,Chr6D_2669366,Chr6D,16.7
Chr6D_3529638,Chr6D_3529638,Chr6D,22.7
Chr6D_15735275,Chr6D_15735275,Chr6D,64.8
Chr6D_82595149,Chr6D_82595149,Chr6D,127.5
Chr6D_82627632,Chr6D_82627632,Chr6D,127.7
Chr6D_82957761,Chr6D_82957761,Chr6D,129.8
Chr6D_82968262,Chr6D_82968262,Chr6D,129.8
Chr6D_82975908,Chr6D_82975908,Chr6D,129.9
Chr6D_83791618,Chr6D_83791618,Chr6D,135.4
Chr6D_84280891,Chr6D_84280891,Chr6D,138.8
Chr6D_84914853,Chr6D_84914853,Chr6D,143.5
Chr6D_85460037,Chr6D_85460037,Chr6D,147.8
Chr6D_85656472,Chr6D_85656472,Chr6D,149.3
Chr6D_85748178,Chr6D_85748178,Chr6D,150.1
Chr6D_85874833,Chr6D_85874833,Chr6D,151.1
Chr7A_786731,Chr7A_786731,Chr7A,0
Chr7A_1580408,Chr7A_1580408,Chr7A,0
Chr7A_1595315,Chr7A_1595315,Chr7A,0
Chr7A_1770162,Chr7A_1770162,Chr7A,0
Chr7A_2522389,Chr7A_2522389,Chr7A,3.9
Chr7A_2522396,Chr7A_2522396,Chr7A,3.9
Chr7A_2999495,Chr7A_2999495,Chr7A,6.3
Chr7A_3630807,Chr7A_3630807,Chr7A,9.4
Chr7A_3978815,Chr7A_3978815,Chr7A,11.1
Chr7A_5191655,Chr7A_5191655,Chr7A,16.7
Chr7A_5470981,Chr7A_5470981,Chr7A,17.9
Chr7A_5618635,Chr7A_5618635,Chr7A,18.5
Chr7A_5618638,Chr7A_5618638,Chr7A,18.5
Chr7A_5655752,Chr7A_5655752,Chr7A,18.7
Chr7A_6133200,Chr7A_6133200,Chr7A,20.8
Chr7A_6443846,Chr7A_6443846,Chr7A,22.1
Chr7A_7685249,Chr7A_7685249,Chr7A,27.1
Chr7A_8646972,Chr7A_8646972,Chr7A,30.7
Chr7A_8900207,Chr7A_8900207,Chr7A,31.6
Chr7A_9001425,Chr7A_9001425,Chr7A,32
Chr7A_9016888,Chr7A_9016888,Chr7A,32
Chr7A_11026507,Chr7A_11026507,Chr7A,38.8
Chr7A_19775209,Chr7A_19775209,Chr7A,59
Chr7A_19779231,Chr7A_19779231,Chr7A,59
Chr7A_20628749,Chr7A_20628749,Chr7A,60.3
Chr7A_44570508,Chr7A_44570508,Chr7A,70.3
Chr7A_52342256,Chr7A_52342256,Chr7A,70.5
Chr7A_58479706,Chr7A_58479706,Chr7A,71.2
Chr7A_69077060,Chr7A_69077060,Chr7A,73.2
Chr7A_89140625,Chr7A_89140625,Chr7A,75
Chr7A_91111329,Chr7A_91111329,Chr7A,75
Chr7A_97951607,Chr7A_97951607,Chr7A,75.4
Chr7A_97951610,Chr7A_97951610,Chr7A,75.4
Chr7A_102790460,Chr7A_102790460,Chr7A,76.7
Chr7A_103096452,Chr7A_103096452,Chr7A,76.8
Chr7A_110988903,Chr7A_110988903,Chr7A,82.9
Chr7A_113046762,Chr7A_113046762,Chr7A,85.7
Chr7A_115460093,Chr7A_115460093,Chr7A,89.6
Chr7A_117246370,Chr7A_117246370,Chr7A,93.1
Chr7A_118643567,Chr7A_118643567,Chr7A,96.2
Chr7A_119892273,Chr7A_119892273,Chr7A,99.3
Chr7A_120167991,Chr7A_120167991,Chr7A,100
Chr7A_121771420,Chr7A_121771420,Chr7A,104.4
Chr7A_122043549,Chr7A_122043549,Chr7A,105.2
Chr7A_122365943,Chr7A_122365943,Chr7A,106.1
Chr7A_122567420,Chr7A_122567420,Chr7A,106.8
Chr7A_122835861,Chr7A_122835861,Chr7A,107.6
Chr7A_125206892,Chr7A_125206892,Chr7A,115.5
Chr7A_126147804,Chr7A_126147804,Chr7A,118.9
Chr7A_126185884,Chr7A_126185884,Chr7A,119.1
Chr7A_126747994,Chr7A_126747994,Chr7A,121.2
Chr7A_127119285,Chr7A_127119285,Chr7A,122.7
Chr7A_127550614,Chr7A_127550614,Chr7A,124.4
Chr7A_128088170,Chr7A_128088170,Chr7A,126.6
Chr7A_128868807,Chr7A_128868807,Chr7A,129.9
Chr7A_129304012,Chr7A_129304012,Chr7A,131.8
Chr7A_129355091,Chr7A_129355091,Chr7A,132
Chr7A_129668429,Chr7A_129668429,Chr7A,133.4
Chr7A_130140452,Chr7A_130140452,Chr7A,135.6
Chr7A_130168262,Chr7A_130168262,Chr7A,135.7
Chr7A_130451033,Chr7A_130451033,Chr7A,137
Chr7A_130514538,Chr7A_130514538,Chr7A,137.3
Chr7A_130593231,Chr7A_130593231,Chr7A,137.7
Chr7A_131642055,Chr7A_131642055,Chr7A,142.7
Chr7A_131657295,Chr7A_131657295,Chr7A,142.7
Chr7A_131856747,Chr7A_131856747,Chr7A,143.7
Chr7A_131899660,Chr7A_131899660,Chr7A,143.9
Chr7A_131967839,Chr7A_131967839,Chr7A,144.2
Chr7A_132405816,Chr7A_132405816,Chr7A,146.4
Chr7A_132697469,Chr7A_132697469,Chr7A,147.9
Chr7A_133897278,Chr7A_133897278,Chr7A,154.1
Chr7B_1102751,Chr7B_1102751,Chr7B,11
Chr7B_2835029,Chr7B_2835029,Chr7B,20
Chr7B_7549515,Chr7B_7549515,Chr7B,33.1
Chr7B_7570184,Chr7B_7570184,Chr7B,33.1
Chr7B_7570503,Chr7B_7570503,Chr7B,33.1
Chr7B_10068114,Chr7B_10068114,Chr7B,36.3
Chr7B_10876636,Chr7B_10876636,Chr7B,37.1
Chr7B_11066083,Chr7B_11066083,Chr7B,37.3
Chr7B_11485487,Chr7B_11485487,Chr7B,37.6
Chr7B_11882067,Chr7B_11882067,Chr7B,37.9
Chr7B_11886707,Chr7B_11886707,Chr7B,37.9
Chr7B_12093000,Chr7B_12093000,Chr7B,38.1
Chr7B_13332646,Chr7B_13332646,Chr7B,39
Chr7B_21848693,Chr7B_21848693,Chr7B,44.4
Chr7B_22679995,Chr7B_22679995,Chr7B,44.9
Chr7B_32438411,Chr7B_32438411,Chr7B,51
Chr7B_61022189,Chr7B_61022189,Chr7B,54.8
Chr7B_87878127,Chr7B_87878127,Chr7B,59.5
Chr7B_97857631,Chr7B_97857631,Chr7B,59.9
Chr7B_98159888,Chr7B_98159888,Chr7B,59.9
Chr7B_99271131,Chr7B_99271131,Chr7B,60.1
Chr7B_99666423,Chr7B_99666423,Chr7B,60.2
Chr7B_103625203,Chr7B_103625203,Chr7B,61.8
Chr7B_110056979,Chr7B_110056979,Chr7B,67.5
Chr7B_114320586,Chr7B_114320586,Chr7B,74.1
Chr7B_115715711,Chr7B_115715711,Chr7B,76.8
Chr7B_117036805,Chr7B_117036805,Chr7B,79.6
Chr7B_117639096,Chr7B_117639096,Chr7B,81
Chr7B_117984865,Chr7B_117984865,Chr7B,81.7
Chr7B_118445983,Chr7B_118445983,Chr7B,82.8
Chr7B_119065578,Chr7B_119065578,Chr7B,84.3
Chr7B_120696076,Chr7B_120696076,Chr7B,88.4
Chr7B_124681317,Chr7B_124681317,Chr7B,99.2
Chr7B_127485041,Chr7B_127485041,Chr7B,107.1
Chr7B_127996993,Chr7B_127996993,Chr7B,108.5
Chr7B_128150454,Chr7B_128150454,Chr7B,108.9
Chr7B_128458684,Chr7B_128458684,Chr7B,109.8
Chr7B_129610933,Chr7B_129610933,Chr7B,112.9
Chr7B_129827326,Chr7B_129827326,Chr7B,113.5
Chr7B_129835935,Chr7B_129835935,Chr7B,113.5
Chr7B_130560832,Chr7B_130560832,Chr7B,115.4
Chr7B_131014044,Chr7B_131014044,Chr7B,116.6
Chr7B_131586759,Chr7B_131586759,Chr7B,118
Chr7B_132102534,Chr7B_132102534,Chr7B,119.3
Chr7B_132102543,Chr7B_132102543,Chr7B,119.3
Chr7B_132598800,Chr7B_132598800,Chr7B,120.5
Chr7B_133822993,Chr7B_133822993,Chr7B,123.2
Chr7B_133822995,Chr7B_133822995,Chr7B,123.2
Chr7D_802511,Chr7D_802511,Chr7D,0.1
Chr7D_1115681,Chr7D_1115681,Chr7D,2.4
Chr7D_1177827,Chr7D_1177827,Chr7D,2.8
Chr7D_1177830,Chr7D_1177830,Chr7D,2.8
Chr7D_1642343,Chr7D_1642343,Chr7D,6.1
Chr7D_2268463,Chr7D_2268463,Chr7D,10.3
Chr7D_6358668,Chr7D_6358668,Chr7D,33.9
Chr7D_10635153,Chr7D_10635153,Chr7D,52.5
Chr7D_10679909,Chr7D_10679909,Chr7D,52.6
Chr7D_19912489,Chr7D_19912489,Chr7D,77.8
Chr7D_78681634,Chr7D_78681634,Chr7D,102.8
Chr7D_84736462,Chr7D_84736462,Chr7D,105.6
Chr7D_88404384,Chr7D_88404384,Chr7D,108.5
Chr7D_110150977,Chr7D_110150977,Chr7D,169.3
Chr7D_110622262,Chr7D_110622262,Chr7D,171.8
Chr7D_114805184,Chr7D_114805184,Chr7D,196.8